Goal (directive),MRA,ASV,MDG,PDS,RBW,MLY,FSP,GUY,JUK,MOJ,MRH,MRR,MRR-CA,MRE,SHG,WDG
[Rev] Time Spent on Site (15s),Done,Done,Done,Done,Done,To do,Done,To do,To do,To do,To do,To do,N/A,To do,N/A,N/A
[Rev] Time Spent On Step 0: Zipcode (MRA),Done,N/A,N/A,N/A,N/A,N/A,N/A,N/A,N/A,N/A,N/A,N/A,N/A,N/A,N/A,N/A
[Rev] Time Spent On Step 1: Contact Info,Done,Done,Done,Done,Done,To do,Done,To do,To do,To do,To do,To do,N/A,To do,N/A,N/A
[Rev] Time Spent On Step 2: Service Details,Done,Done,Done,Done,Done,To do,Done,To do,To do,To do,To do,To do,N/A,To do,N/A,N/A
[Rev] Time Spent On Step 3: Calendar,Done,Done,Done,Done,Done,To do,Done,To do,To do,To do,To do,To do,N/A,To do,N/A,N/A
[Rev] Time Spent on Financing (15s),N/A,Done,To do,To do,To do,To do,To do,To do,To do,To do,To do,To do,N/A,To do,N/A,N/A
[Rev] Total Page Views,Done,To do,To do,To do,To do,To do,To do,To do,To do,To do,To do,To do,N/A,To do,N/A,N/A
Call Clicks,Done,Done,Done,Done,Done,To do,Done,To do,To do,To do,To do,To do,N/A,To do,N/A,N/A
Call Clicks from Navigation,Done,To do,Done,To do,Done,To do,Done,To do,To do,To do,To do,To do,N/A,To do,N/A,N/A
Clicks Any Scheduler CTA,Done,Done,Done,Done,Done,To do,Done,To do,To do,To do,To do,To do,N/A,To do,N/A,N/A
Clicks Hero Scheduler CTA,Done,To do,To do,To do,To do,To do,Done,To do,To do,To do,To do,To do,N/A,To do,N/A,N/A
Clicks Footer SF Submit CTA,To do,To do,Done,To do,To do,To do,To do,To do,To do,To do,To do,To do,N/A,To do,N/A,N/A
Clicks Hero SF Submit CTA,To do,To do,Done,To do,To do,To do,To do,To do,To do,To do,To do,To do,N/A,To do,N/A,N/A
Clicks Learn More on Tiles,Done,Done,Done,Done,Done,To do,Done,To do,To do,To do,To do,To do,N/A,To do,N/A,N/A
Clicks Link in Navigation,Done,To do,Done,To do,Done,To do,Done,To do,To do,To do,To do,To do,N/A,To do,N/A,N/A
Clicks Nav Scheduler CTA,Done,Done,Done,Done,Done,To do,Done,To do,To do,To do,To do,To do,N/A,To do,N/A,N/A
Clicks Offer Section Scheduler CTA,Done,Done,Done,Done,To do,To do,Done,To do,To do,To do,To do,To do,N/A,To do,N/A,N/A
Clicks Print Offer,To do,To do,To do,Done,To do,To do,To do,To do,To do,To do,To do,To do,N/A,To do,N/A,N/A
Clicks Claim Offer CTA,Done,To do,To do,To do,Done,To do,To do,To do,To do,To do,To do,To do,N/A,To do,N/A,N/A
Clicks Hero Reviews,Done,Done,Done,Done,To do,To do,To do,To do,To do,To do,To do,To do,N/A,To do,N/A,N/A
Clicks Testimonial CTA,Done,Done,Done,Done,Done,To do,Done,To do,To do,To do,To do,To do,N/A,To do,N/A,N/A
Clicks Testimonial Scheduler CTA,Done,Done,Done,Done,To do,To do,Done,To do,To do,To do,To do,To do,N/A,To do,N/A,N/A
Clicks Warranty CTA,Done,Done,To do,Done,To do,To do,To do,To do,To do,To do,To do,To do,N/A,To do,N/A,N/A
Clicks View Special Offers CTA,Done,To do,To do,To do,Done,To do,To do,To do,To do,To do,To do,To do,N/A,To do,N/A,N/A
FLF: Views Step 0 | Zip Code,Done,N/A,N/A,N/A,N/A,N/A,N/A,N/A,N/A,N/A,N/A,N/A,N/A,N/A,N/A,N/A
FLF: Views Step #1 | Contact Info,Done,Done,Done,Done,Done,To do,Done,To do,To do,To do,To do,To do,N/A,To do,N/A,N/A
FLF: Views Step #2 | Service Details,Done,Done,Done,Done,Done,To do,Done,To do,To do,To do,To do,To do,N/A,To do,N/A,N/A
FLF: Views Step #3 | Calendar,Done,Done,Done,Done,Done,To do,Done,To do,To do,To do,To do,To do,N/A,To do,N/A,N/A
Scrolled 100% - Natl. Homepage,Done,Done,Done,Done,Done,To do,Done,To do,To do,To do,To do,To do,N/A,To do,N/A,N/A
Scrolled 75% - Natl. Homepage,Done,Done,Done,Done,Done,To do,Done,To do,To do,To do,To do,To do,N/A,To do,N/A,N/A
Scrolled 50% - Natl. Homepage,Done,Done,Done,Done,Done,To do,Done,To do,To do,To do,To do,To do,N/A,To do,N/A,N/A
Scrolled 25% - Natl. Homepage,Done,Done,Done,Done,Done,To do,Done,To do,To do,To do,To do,To do,N/A,To do,N/A,N/A
Scrolled 100% - Local Homepage,Done,Done,Done,Done,Done,To do,Done,To do,To do,To do,To do,To do,N/A,To do,N/A,N/A
Scrolled 75% - Local Homepage,Done,Done,Done,Done,Done,To do,Done,To do,To do,To do,To do,To do,N/A,To do,N/A,N/A
Scrolled 50% - Local Homepage,Done,Done,Done,Done,Done,To do,Done,To do,To do,To do,To do,To do,N/A,To do,N/A,N/A
Scrolled 25% - Local Homepage,Done,Done,Done,Done,Done,To do,Done,To do,To do,To do,To do,To do,N/A,To do,N/A,N/A
Step 0 | Zipcode | Validation Error Exposure (MRA),Done,N/A,N/A,N/A,N/A,N/A,N/A,N/A,N/A,N/A,N/A,N/A,N/A,N/A,N/A,N/A
Step 1 | Contact Info | Validation Error Exposure,Done,Done,Done,Done,Done,To do,Done,To do,To do,To do,To do,To do,N/A,To do,N/A,N/A
Step 2 | Service Details | Validation Error Exposure,Done,Done,Done,Done,Done,To do,Done,To do,To do,To do,To do,To do,N/A,To do,N/A,N/A
Step 3 | Calendar | Validation Error Exposure,Done,Done,Done,Done,Done,To do,Done,To do,To do,To do,To do,To do,N/A,To do,N/A,N/A
Submits Form Lead - Combined,Done,Done,Done,Done,Done,To do,Done,To do,To do,To do,To do,To do,N/A,To do,N/A,N/A
Submits LF Lead + Contact Us,Done,Done,Done,Done,Done,To do,Done,To do,To do,To do,To do,To do,N/A,To do,N/A,N/A
Submits SF into S&C - All,Done,Done,Done,Done,Done,To do,Done,To do,To do,To do,To do,To do,N/A,To do,N/A,N/A
Submits SF into S&C - Footer,Done,Done,Done,Done,Done,To do,Done,To do,To do,To do,To do,To do,N/A,To do,N/A,N/A
Submits SF into S&C - Hero,Done,Done,Done,Done,Done,To do,Done,To do,To do,To do,To do,To do,N/A,To do,N/A,N/A
Submits SF Lead - All,Done,Done,Done,Done,Done,To do,Done,To do,To do,To do,To do,To do,N/A,To do,N/A,N/A
Submits SF Lead - Footer,Done,Done,Done,Done,Done,To do,Done,To do,To do,To do,To do,To do,N/A,To do,N/A,N/A
Submits SF Lead - Hero,Done,Done,Done,Done,Done,To do,Done,To do,To do,To do,To do,To do,N/A,To do,N/A,N/A
[Upsell] Clicks Submit CTA,Done,Done,Done,Done,Done,To do,Done,To do,To do,To do,To do,To do,N/A,To do,N/A,N/A
[Upsell] Presented (impressions),Done,Done,To do,To do,To do,To do,To do,To do,To do,To do,To do,To do,N/A,To do,N/A,N/A
[Upsell] Selects Any,Done,Done,To do,To do,To do,To do,To do,To do,To do,To do,To do,To do,N/A,To do,N/A,N/A
[Upsell] Selects Offer 1  (MRA),Done,N/A,N/A,N/A,N/A,N/A,N/A,N/A,N/A,N/A,N/A,N/A,N/A,N/A,N/A,N/A
[Upsell] Selects Advantage Plan (ASV),N/A,Done,N/A,N/A,N/A,N/A,N/A,N/A,N/A,N/A,N/A,N/A,N/A,N/A,N/A,N/A
[Upsell] Selects MDG Cross Sell (ASV),N/A,Done,N/A,N/A,N/A,N/A,N/A,N/A,N/A,N/A,N/A,N/A,N/A,N/A,N/A,N/A
Views Special Offers,Done,Done,Done,To do,Done,To do,Done,To do,To do,To do,To do,To do,N/A,To do,N/A,N/A
Views Financing,N/A,Done,To do,To do,To do,To do,To do,To do,To do,To do,To do,To do,N/A,To do,N/A,N/A
Views Service Pages,Done,Done,Done,Done,Done,To do,Done,To do,To do,To do,To do,To do,N/A,To do,N/A,N/A
Views Residential Service Pages,Done,To do,To do,To do,To do,To do,To do,To do,To do,To do,To do,To do,N/A,To do,N/A,N/A
Views Commercial Service Pages,Done,To do,To do,To do,To do,To do,To do,To do,To do,To do,To do,To do,N/A,To do,N/A,N/A
Views Testimonials,Done,Done,Done,Done,Done,To do,Done,To do,To do,To do,To do,To do,N/A,To do,N/A,N/A
Localized User,To do,Done,To do,To do,To do,To do,To do,To do,To do,To do,To do,To do,N/A,To do,N/A,N/A
Chat Appointment Made,Done,To do,To do,To do,To do,To do,To do,To do,To do,To do,To do,To do,N/A,To do,N/A,N/A
Chat Started,Done,To do,To do,To do,To do,To do,To do,To do,To do,To do,To do,To do,N/A,To do,N/A,N/A
Chat Lead Submitted,Done,To do,To do,To do,To do,To do,To do,To do,To do,To do,To do,To do,N/A,To do,N/A,N/A
GTM Submits Lead Combined,N/A,N/A,N/A,N/A,N/A,N/A,N/A,N/A,N/A,N/A,N/A,N/A,N/A,N/A,N/A,N/A
